location,cases_per_capita
Kerala,5.729861111111111
Andhra Pradesh,3.535972222222222
Gujarat,3.2620833333333334
Karnataka,3.002361111111111
Madhya Pradesh,2.6322222222222225
Rajasthan,2.5836111111111113
Tamil Nadu,2.549027777777778
West Bengal,1.953611111111111
Maharashtra,1.4823611111111112
Uttar Pradesh,0.8858333333333334
