location,cases_per_capita
Kerala,5.696666666666667
Andhra Pradesh,3.764861111111111
Gujarat,2.863472222222222
Rajasthan,2.6675
Karnataka,2.633472222222222
Madhya Pradesh,2.523611111111111
Tamil Nadu,2.4276388888888887
West Bengal,2.0526388888888887
Maharashtra,1.6811111111111112
Uttar Pradesh,0.9429166666666666
